sample_id,A00,A01,A02,A03,A04,A05,A06,A07,agbd,agbd_se,aspect,beam,degrade_include_flag,delta_time,elev_highestreturn_outlier_flag,elevation,l4a_quality_flag_rel3,sensitivity,shot_number,slope,lon_lowestmode,lat_lowestmode
1,0.0517339484813533,-0.0482276047673972,-0.166336024605921,-0.179377162629758,-0.0271280276816609,0.0354325259515571,0.124567474048443,0.25196462898885,6.27783679962158,17.5019283294678,108,BEAM0000,TRUE,40810919.4333812,0,809,1,0.93962836265564,19640000100109425,3,-44.1585897015107,-13.7411334314816
2,0.0297731641676278,-0.00393694732795079,-0.166336024605921,-0.214133025759323,-0.0591157247212611,0.103406382160707,0.0669896193771627,0.186082276047674,6.79070138931274,17.5014057159424,46,BEAM0000,TRUE,40810919.7970132,0,804,1,0.939708769321442,19640000100109469,3,-44.1446598608501,-13.7229387863178
3,0.0711111111111111,-0.013840830449827,-0.166336024605921,-0.179377162629758,-0.0797231833910035,0.108512110726644,0.135886197616301,0.25196462898885,5.62055587768555,17.5026054382324,46,BEAM0000,TRUE,40810920.6234527,0,762,1,0.937958180904388,19640000100109569,3,-44.113034098758,-13.6815427881261
4,0.0669896193771627,-0.0482276047673972,-0.147697039600154,-0.199861591695502,-0.0246059207996924,0.0177777777777778,0.0984236831987697,0.244152249134948,5.74091625213623,17.5026531219482,296,BEAM0000,TRUE,40810919.8714072,0,809,1,0.979264557361603,19640000100109478,2,-44.1418116940063,-13.7192173089364
5,0.0271280276816609,-0.0222068435217224,-0.179377162629758,-0.16,-0.0669896193771627,0.130165321030373,0.124567474048443,0.25196462898885,10.935154914856,17.499382019043,22,BEAM0000,TRUE,40810920.4829647,0,761,1,0.97944176197052,19640000100109552,5,-44.1184081085371,-13.6885765063321
6,0.0517339484813533,-0.0591157247212611,-0.259900038446751,-0.244152249134948,-0.0157477893118032,-0.0354325259515571,0.0984236831987697,0.25196462898885,8.27073287963867,17.5002670288086,330,BEAM0000,TRUE,40810920.2681008,0,774,1,0.935865819454193,19640000100109526,10,-44.1266303068825,-13.6993434368176
7,0.135886197616301,-0.0384467512495194,-0.192910419069589,-0.199861591695502,-0.0415840061514802,0.000984236831987697,0.108512110726644,0.199861591695502,7.32115077972412,17.5011768341064,134,BEAM0000,TRUE,40810920.8466087,0,764,1,0.978417277336121,19640000100109596,1,-44.1044953745523,-13.6703684847978
8,0.0384467512495194,-0.0448442906574394,-0.108512110726644,-0.179377162629758,-0.0842137639369473,0.130165321030373,0.119092656670511,0.259900038446751,5.81942272186279,17.5020904541016,14,BEAM0000,TRUE,40810920.3176848,0,752,1,0.939692139625549,19640000100109532,4,-44.124731888518,-13.6968534212616
9,0.0797231833910035,-0.0629911572472126,-0.179377162629758,-0.206935793925413,-0.0325413302575932,0.0246059207996924,0.124567474048443,0.228896578239139,6.12014770507813,17.5020446777344,129,BEAM0000,TRUE,40810919.4168532,0,805,1,0.951586484909058,19640000100109423,7,-44.1592226981796,-13.7419601894111
10,0.108512110726644,-0.055363321799308,-0.214133025759323,-0.221453287197232,-0.0354325259515571,0.00055363321799308,0.103406382160707,0.214133025759323,9.15490341186523,17.4997844696045,207,BEAM0000,TRUE,40810919.1524052,0,800,1,0.975358188152313,19640000100109391,2,-44.1693478626731,-13.7552025909435
11,0.00885813148788927,-0.0797231833910035,-0.113740868896578,-0.221453287197232,-0.0482276047673972,0.0354325259515571,0.0629911572472126,0.221453287197232,6.15481233596802,17.5022087097168,249,BEAM0000,TRUE,40810919.8466092,0,804,1,0.985275149345398,19640000100109475,5,-44.1427609729042,-13.7204569167858
12,-0.0842137639369473,0.0120569011918493,-0.0984236831987697,-0.108512110726644,-0.0984236831987697,0.124567474048443,0.0935640138408305,0.25196462898885,4.69458675384522,17.5037670135498,326,BEAM0000,TRUE,40810920.0862928,0,799,1,0.949814140796661,19640000100109504,3,-44.1335880541658,-13.7084581387781
13,0.0711111111111111,-0.0448442906574394,-0.186082276047674,-0.17279507881584,-0.0669896193771627,0.0797231833910035,0.0842137639369473,0.25196462898885,6.22571420669556,17.5019969940186,90,BEAM0000,TRUE,40810919.9953888,0,803,1,0.934229135513306,19640000100109493,2,-44.1370662921515,-13.7130123470357
14,0.0935640138408305,-0.0669896193771627,-0.228896578239139,-0.236462898885044,-0.00885813148788927,0.013840830449827,0.103406382160707,0.244152249134948,16.1639175415039,17.4965286254883,314,BEAM0000,TRUE,40810920.1689328,0,779,1,0.976228892803192,19640000100109514,1,-44.1304258250035,-13.7043129923145
15,0.0354325259515571,-0.0591157247212611,-0.130165321030373,-0.228896578239139,-0.0711111111111111,0.0935640138408305,0.124567474048443,0.259900038446751,6.37049531936646,17.5020446777344,244,BEAM0000,TRUE,40810919.1193492,0,790,1,0.98222941160202,19640000100109387,2,-44.170614800355,-13.7568538249479
16,0.0591157247212611,-0.0246059207996924,-0.186082276047674,-0.186082276047674,-0.0711111111111111,0.0935640138408305,0.124567474048443,0.25196462898885,5.77254629135132,17.5027351379395,296,BEAM0000,TRUE,40810920.6317168,0,760,1,0.970540225505829,19640000100109570,2,-44.112717830211,-13.6811286816173
17,0.0482276047673972,-0.0888273740868896,-0.192910419069589,-0.214133025759323,-0.0325413302575932,-0.0384467512495194,0.0984236831987697,0.25196462898885,7.07421636581421,17.5012664794922,314,BEAM0000,TRUE,40810920.2019887,0,777,1,0.975650310516357,19640000100109518,5,-44.1291608745168,-13.7026571114836
18,0.0984236831987697,-0.0753556324490581,-0.228896578239139,-0.236462898885044,-0.00393694732795079,-0.00221453287197232,0.0888273740868896,0.228896578239139,17.0769004821777,17.4973411560059,46,BEAM0000,TRUE,40810920.1771967,0,779,1,0.97935962677002,19640000100109515,1,-44.1301095544866,-13.7038983578563
19,0.0297731641676278,-0.0591157247212611,-0.0415840061514802,-0.16,-0.0935640138408305,0.135886197616301,0.119092656670511,0.236462898885044,5.36977910995483,17.5030994415283,134,BEAM0000,TRUE,40810920.3424768,0,745,1,0.926416397094727,19640000100109535,1,-44.1237829107125,-13.6956109361653
20,0.0384467512495194,-0.0354325259515571,-0.199861591695502,-0.206935793925413,-0.0753556324490581,0.0415840061514802,0.113740868896578,0.259900038446751,5.58347702026367,17.5026588439941,153,BEAM0000,TRUE,40810919.3672692,0,802,1,0.941722333431244,19640000100109417,2,-44.1611211335637,-13.7444423117915
21,0.0629911572472126,-0.0297731641676278,-0.179377162629758,-0.199861591695502,-0.0415840061514802,0.0753556324490581,0.135886197616301,0.267958477508651,14.7158470153809,17.4968204498291,338,BEAM0000,TRUE,40810920.6647727,0,752,1,0.976376593112946,19640000100109574,5,-44.1114527044524,-13.6794728776717
22,0.124567474048443,-0.013840830449827,-0.259900038446751,-0.192910419069589,-0.0271280276816609,0.000246059207996924,0.0797231833910035,0.228896578239139,6.07742404937744,17.501558303833,57,BEAM0000,TRUE,40810919.2515732,0,796,1,0.976992905139923,19640000100109403,3,-44.1655493830926,-13.7502375300792
23,0.0888273740868896,-0.0797231833910035,-0.206935793925413,-0.228896578239139,0.0120569011918493,-0.00393694732795079,0.108512110726644,0.236462898885044,24.2548789978027,17.4947757720947,0,BEAM0000,TRUE,40810920.1606688,0,783,1,0.970269501209259,19640000100109513,4,-44.1307420504435,-13.7047272649701
24,0.055363321799308,-0.113740868896578,-0.119092656670511,-0.221453287197232,-0.0517339484813533,0.0935640138408305,0.103406382160707,0.236462898885044,14.1175861358643,17.4964065551758,164,BEAM0000,TRUE,40810918.9127377,0,738,1,0.942525923252106,19640000100109362,7,-44.1785367792748,-13.7671810456326
25,0.103406382160707,-0.0354325259515571,-0.25196462898885,-0.214133025759323,-0.00153787004998078,0.0517339484813533,0.103406382160707,0.25196462898885,8.66044998168945,17.499698638916,34,BEAM0000,TRUE,40810920.0201807,0,789,1,0.946690559387207,19640000100109496,7,-44.1361175150762,-13.7117693442809
26,0.103406382160707,-0.0517339484813533,-0.236462898885044,-0.221453287197232,-0.0120569011918493,-0.0199307958477509,0.0888273740868896,0.214133025759323,6.14404010772705,17.5010795593262,27,BEAM0000,TRUE,40810920.1193487,0,795,1,0.975853860378265,19640000100109508,2,-44.1323233689973,-13.7068022805791
27,0.0629911572472126,-0.113740868896578,-0.147697039600154,-0.199861591695502,-0.013840830449827,0.0354325259515571,0.0888273740868896,0.228896578239139,59.1860122680664,17.4906311035156,194,BEAM0000,TRUE,40810918.8962056,0,732,1,0.942021906375885,19640000100109360,4,-44.1791705912832,-13.7680083207768
28,0.0753556324490581,-0.0384467512495194,-0.16,-0.16,-0.0591157247212611,0.0384467512495194,0.108512110726644,0.206935793925413,5.39984798431397,17.5029258728027,134,BEAM0000,TRUE,40810919.5573412,0,821,1,0.953130424022675,19640000100109440,1,-44.153840299246,-13.7349352333514
29,0.055363321799308,-0.0415840061514802,-0.17279507881584,-0.206935793925413,-0.0448442906574394,0.0629911572472126,0.130165321030373,0.259900038446751,5.86069488525391,17.5026111602783,161,BEAM0000,TRUE,40810919.3755332,0,804,1,0.946104943752289,19640000100109418,3,-44.1608047989352,-13.7440285878521
30,0.0591157247212611,-0.0842137639369473,-0.17279507881584,-0.221453287197232,-0.0354325259515571,0.0629911572472126,0.103406382160707,0.236462898885044,5.80770635604858,17.5023460388184,0,BEAM0000,TRUE,40810920.6895648,0,744,1,0.942889094352722,19640000100109577,3,-44.1105037564939,-13.6782303851831
31,0.0177777777777778,-0.0177777777777778,-0.206935793925413,-0.199861591695502,-0.0797231833910035,0.0448442906574394,0.119092656670511,0.259900038446751,6.10756969451904,17.5027084350586,0,BEAM0000,TRUE,40810919.3837972,0,803,1,0.973556578159332,19640000100109419,3,-44.1604884030665,-13.7436144728711
32,0.00301422529796232,-0.0482276047673972,-0.147697039600154,-0.153787004998078,-0.0711111111111111,0.0935640138408305,0.113740868896578,0.214133025759323,5.28529644012451,17.5032253265381,180,BEAM0000,TRUE,40810920.4581728,0,768,1,0.975833654403687,19640000100109549,1,-44.1193564526372,-13.6898194065254
33,-0.0517339484813533,-0.0157477893118032,-0.141730103806228,-0.214133025759323,-0.119092656670511,0.0482276047673972,0.0984236831987697,0.318892733564014,16.9825134277344,17.4954090118408,326,BEAM0000,TRUE,40810920.3837968,0,754,1,0.952099323272705,19640000100109540,3,-44.1222016993568,-13.6935427146657
34,0.0271280276816609,-0.0753556324490581,-0.147697039600154,-0.130165321030373,-0.0935640138408305,0.0753556324490581,0.0984236831987697,0.301422529796232,5.48517608642578,17.502799987793,218,BEAM0000,TRUE,40810919.3259492,0,775,1,0.956446826457977,19640000100109412,5,-44.1627021908561,-13.7465053946611
35,-0.00744329104190696,-0.0448442906574394,-0.147697039600154,-0.206935793925413,-0.055363321799308,0.0517339484813533,0.0669896193771627,0.228896578239139,6.43941974639893,17.5015239715576,303,BEAM0000,TRUE,40810919.8218112,0,801,1,0.944503843784332,19640000100109472,10,-44.1437103646378,-13.7216974431889
36,0.0325413302575932,-0.0517339484813533,-0.141730103806228,-0.166336024605921,-0.0384467512495194,0.103406382160707,0.113740868896578,0.206935793925413,5.28481197357178,17.5029697418213,19,BEAM0000,TRUE,40810920.4994928,0,752,1,0.943721055984497,19640000100109554,3,-44.1177758828699,-13.68774766743
37,0.113740868896578,-0.0669896193771627,-0.221453287197232,-0.206935793925413,-0.0120569011918493,0.0157477893118032,0.113740868896578,0.214133025759323,4.41138982772827,17.502477645874,34,BEAM0000,TRUE,40810920.7308848,0,756,1,0.947003245353699,19640000100109582,3,-44.1089225749117,-13.6761646586573
38,0.0591157247212611,-0.0753556324490581,-0.0984236831987697,-0.206935793925413,-0.0629911572472126,0.124567474048443,0.124567474048443,0.244152249134948,4.90134620666504,17.503698348999,148,BEAM0000,TRUE,40810918.9044716,0,735,1,0.958415687084198,19640000100109361,5,-44.1788536804473,-13.7675945821328
39,-0.0669896193771627,0.00498269896193772,-0.0935640138408305,-0.103406382160707,-0.0888273740868896,0.124567474048443,0.108512110726644,0.244152249134948,5.21915864944458,17.5031967163086,256,BEAM0000,TRUE,40810920.0780287,0,798,1,0.939834535121918,19640000100109503,4,-44.1339042181909,-13.7088719726974
40,0.055363321799308,-0.0199307958477509,-0.192910419069589,-0.179377162629758,-0.0711111111111111,0.0984236831987697,0.124567474048443,0.25196462898885,5.51548099517822,17.5026321411133,0,BEAM0000,TRUE,40810920.6399807,0,758,1,0.93982607126236,19640000100109571,4,-44.1124015502389,-13.6807145868579
41,0.0669896193771627,-0.103406382160707,-0.179377162629758,-0.236462898885044,-0.0199307958477509,0.0297731641676278,0.108512110726644,0.228896578239139,13.4997501373291,17.4972095489502,167,BEAM0000,TRUE,40810918.9210037,0,745,1,0.952251434326172,19640000100109363,9,-44.1782199894098,-13.7667691083265
42,0.0591157247212611,-0.0482276047673972,-0.186082276047674,-0.228896578239139,-0.0199307958477509,0.0103960015378701,0.119092656670511,0.25196462898885,6.76976585388184,17.5013217926025,288,BEAM0000,TRUE,40810920.2185168,0,778,1,0.941788971424103,19640000100109520,6,-44.1285282867575,-13.7018287441418
43,0.00615148019992311,-0.0354325259515571,-0.147697039600154,-0.16,-0.0629911572472126,0.0984236831987697,0.113740868896578,0.221453287197232,5.84205150604248,17.5027637481689,0,BEAM0000,TRUE,40810920.4664367,0,767,1,0.973141491413116,19640000100109550,3,-44.1190403198067,-13.689404978354
44,0.0482276047673972,-0.0669896193771627,-0.192910419069589,-0.236462898885044,-0.0177777777777778,-0.0177777777777778,0.0984236831987697,0.236462898885044,7.12741374969482,17.5011215209961,314,BEAM0000,TRUE,40810920.2350448,0,779,1,0.941089510917664,19640000100109522,11,-44.1278956908629,-13.7010007475446
45,0.055363321799308,-0.0711111111111111,-0.147697039600154,-0.221453287197232,-0.0482276047673972,0.0325413302575932,0.113740868896578,0.25196462898885,5.60232162475586,17.5027561187744,219,BEAM0000,TRUE,40810919.1276132,0,794,1,0.981573581695557,19640000100109388,6,-44.1702980633367,-13.7564415109714
46,0.0797231833910035,-0.0797231833910035,-0.108512110726644,-0.199861591695502,-0.0354325259515571,0.103406382160707,0.113740868896578,0.244152249134948,5.01189947128296,17.5033874511719,116,BEAM0000,TRUE,40810918.8879396,0,730,1,0.944138407707214,19640000100109359,4,-44.1794875026243,-13.7684221319176
47,0.0482276047673972,-0.0517339484813533,-0.228896578239139,-0.236462898885044,-0.0177777777777778,-0.0482276047673972,0.0935640138408305,0.244152249134948,6.11257314682007,17.5012187957764,288,BEAM0000,TRUE,40810920.2433088,0,785,1,0.973520040512085,19640000100109523,3,-44.1275793887908,-13.7005869332251
48,0.0415840061514802,-0.119092656670511,-0.179377162629758,-0.192910419069589,-0.0246059207996924,0.00393694732795079,0.0711111111111111,0.221453287197232,16.3318309783936,17.4977188110352,226,BEAM0000,TRUE,40810920.1028207,0,799,1,0.982975125312805,19640000100109506,1,-44.1329557467475,-13.7076306046646
49,0.0271280276816609,-0.055363321799308,-0.108512110726644,-0.228896578239139,-0.0517339484813533,0.055363321799308,0.0984236831987697,0.259900038446751,6.50807762145996,17.5010395050049,188,BEAM0000,TRUE,40810920.4085888,0,759,1,0.947049081325531,19640000100109543,7,-44.1212531280581,-13.6923013720487
50,0.0199307958477509,0.00055363321799308,-0.192910419069589,-0.179377162629758,-0.0888273740868896,0.124567474048443,0.108512110726644,0.25196462898885,5.36679887771606,17.5025081634521,57,BEAM0000,TRUE,40810919.0367092,0,768,1,0.943355977535248,19640000100109377,7,-44.1737833548816,-13.7609825061817
51,0.0325413302575932,-0.0448442906574394,-0.166336024605921,-0.199861591695502,-0.0842137639369473,0.0271280276816609,0.103406382160707,0.267958477508651,5.87997770309448,17.5027084350586,153,BEAM0000,TRUE,40810919.3590052,0,796,1,0.976805925369263,19640000100109416,8,-44.161437418138,-13.7448555098143
52,0.0271280276816609,-0.0482276047673972,-0.147697039600154,-0.147697039600154,-0.0517339484813533,0.124567474048443,0.113740868896578,0.206935793925413,6.17900705337524,17.5027370452881,46,BEAM0000,TRUE,40810920.4912287,0,756,1,0.981282293796539,19640000100109553,4,-44.118091970594,-13.6881618128947
53,0.0797231833910035,-0.0935640138408305,-0.214133025759323,-0.17279507881584,-0.0297731641676278,0.0246059207996924,0.0888273740868896,0.25196462898885,16.322114944458,17.4962005615234,103,BEAM0000,TRUE,40810919.3011572,0,781,1,0.98240327835083,19640000100109409,13,-44.1636511669521,-13.7477491473147
54,0.0517339484813533,-0.0842137639369473,-0.206935793925413,-0.259900038446751,-0.0297731641676278,-0.0354325259515571,0.113740868896578,0.221453287197232,6.86117029190064,17.5009212493897,258,BEAM0000,TRUE,40810920.7143568,0,752,1,0.978354334831238,19640000100109580,9,-44.1095551543532,-13.6769926018347
55,0.0935640138408305,-0.0517339484813533,-0.244152249134948,-0.228896578239139,-0.0177777777777778,-0.0177777777777778,0.0888273740868896,0.214133025759323,6.72945976257324,17.5008888244629,27,BEAM0000,TRUE,40810920.1110848,0,799,1,0.982146561145782,19640000100109507,4,-44.1326395909361,-13.7072168816728
56,0.0482276047673972,-0.0517339484813533,-0.228896578239139,-0.236462898885044,-0.0482276047673972,0.0354325259515571,0.113740868896578,0.214133025759323,5.41153240203857,17.5018978118896,348,BEAM0000,TRUE,40810920.6730367,0,755,1,0.934946775436401,19640000100109575,5,-44.1111365680562,-13.6790611988614
57,-0.0711111111111111,-0.0199307958477509,-0.0984236831987697,-0.310096116878124,-0.130165321030373,0.130165321030373,0.0984236831987697,0.199861591695502,21.7108631134033,17.4960155487061,281,BEAM0000,TRUE,40810920.3755327,0,757,1,0.968955099582672,19640000100109539,5,-44.122517974054,-13.6939571375331
58,0.113740868896578,-0.0517339484813533,-0.25196462898885,-0.221453287197232,-0.00885813148788927,-0.0199307958477509,0.0842137639369473,0.206935793925413,12.7783861160278,17.4979820251465,27,BEAM0000,TRUE,40810920.1358768,0,793,1,0.933452248573303,19640000100109510,2,-44.1316908773706,-13.7059724520979
59,0.0591157247212611,-0.055363321799308,-0.153787004998078,-0.199861591695502,-0.0246059207996924,0.00885813148788927,0.0935640138408305,0.228896578239139,11.1032524108887,17.4983463287354,270,BEAM0000,TRUE,40810919.8631412,0,808,1,0.978400528430939,19640000100109477,2,-44.1421281231142,-13.7196306827681
60,0.103406382160707,-0.0935640138408305,-0.25196462898885,-0.179377162629758,-0.00885813148788927,0.0199307958477509,0.0797231833910035,0.244152249134948,31.9547080993652,17.4946346282959,82,BEAM0000,TRUE,40810919.2681012,0,787,1,0.965314984321594,19640000100109405,7,-44.1649164885822,-13.749406760841
61,0.0482276047673972,-0.0271280276816609,-0.16,-0.192910419069589,-0.0354325259515571,0.0448442906574394,0.0935640138408305,0.259900038446751,5.6915225982666,17.5029792785645,0,BEAM0000,TRUE,40810919.8879392,0,808,1,0.978658974170685,19640000100109480,2,-44.1411788265615,-13.7183901309999
62,0.0482276047673972,-0.0415840061514802,-0.166336024605921,-0.214133025759323,-0.0354325259515571,0.00498269896193772,0.0935640138408305,0.25196462898885,6.08794069290161,17.5026092529297,346,BEAM0000,TRUE,40810919.9540672,0,802,1,0.982862651348114,19640000100109488,4,-44.1386476760335,-13.7150811533457
63,0.0222068435217224,-0.00615148019992311,-0.17279507881584,-0.221453287197232,-0.0984236831987697,0.108512110726644,0.124567474048443,0.244152249134948,8.26362609863281,17.4999313354492,108,BEAM0000,TRUE,40810919.0284452,0,771,1,0.951627135276794,19640000100109376,3,-44.1741003718279,-13.761397083547
64,0.119092656670511,-0.0591157247212611,-0.267958477508651,-0.214133025759323,-0.000984236831987697,-0.0271280276816609,0.0842137639369473,0.221453287197232,9.27302551269531,17.49924659729,64,BEAM0000,TRUE,40810920.1441408,0,790,1,0.965360164642334,19640000100109511,4,-44.1313746161652,-13.7055574916043
65,0.0325413302575932,-0.0591157247212611,-0.103406382160707,-0.141730103806228,-0.0984236831987697,0.135886197616301,0.113740868896578,0.301422529796232,23.1737079620361,17.4943733215332,90,BEAM0000,TRUE,40810919.3176852,0,774,1,0.955298364162445,19640000100109411,9,-44.163018484677,-13.7469194919936
66,0.0842137639369473,-0.0669896193771627,-0.259900038446751,-0.206935793925413,0.013840830449827,0.0177777777777778,0.0753556324490581,0.259900038446751,22.445032119751,17.4943943023682,22,BEAM0000,TRUE,40810920.0284448,0,783,1,0.971773743629456,19640000100109497,10,-44.1358010835792,-13.7113523817097
67,0.0103960015378701,-0.119092656670511,-0.166336024605921,-0.244152249134948,-0.055363321799308,-0.0222068435217224,0.119092656670511,0.236462898885044,11.9133415222168,17.4972438812256,226,BEAM0000,TRUE,40810919.0862932,0,761,1,0.979556262493134,19640000100109383,11,-44.1718818296996,-13.7585017302522
68,-0.0297731641676278,-0.0354325259515571,-0.0797231833910035,-0.153787004998078,-0.0935640138408305,0.153787004998078,0.103406382160707,0.244152249134948,4.64929008483887,17.5038433074951,270,BEAM0000,TRUE,40810920.0945567,0,797,1,0.947601675987244,19640000100109505,2,-44.1332718884278,-13.708044267851
69,0.000984236831987697,-0.0842137639369473,-0.108512110726644,-0.25196462898885,-0.0935640138408305,0.0629911572472126,0.0888273740868896,0.276139946174548,27.9125499725342,17.4942264556885,254,BEAM0000,TRUE,40810920.3672688,0,751,1,0.976142287254333,19640000100109538,7,-44.1228341144622,-13.6943696229649
70,0.0199307958477509,-0.0354325259515571,-0.147697039600154,-0.221453287197232,-0.0415840061514802,0.0591157247212611,0.0842137639369473,0.236462898885044,6.77306270599365,17.5016269683838,326,BEAM0000,TRUE,40810919.8300772,0,799,1,0.977139592170715,19640000100109473,7,-44.1433938640862,-13.7212835072315
71,0.0629911572472126,-0.0517339484813533,-0.236462898885044,-0.244152249134948,0.000246059207996924,-0.013840830449827,0.108512110726644,0.244152249134948,5.82626628875732,17.500883102417,333,BEAM0000,TRUE,40810920.2763648,0,766,1,0.9805788397789,19640000100109527,8,-44.1263138685213,-13.698928007681
72,0.0222068435217224,-0.0271280276816609,-0.199861591695502,-0.267958477508651,-0.0448442906574394,0.0415840061514802,0.103406382160707,0.236462898885044,39.6804161071777,17.4940814971924,318,BEAM0000,TRUE,40810920.2928927,0,762,1,0.971389830112457,19640000100109529,10,-44.125681040939,-13.6980977416496
73,0.0384467512495194,-0.0384467512495194,-0.147697039600154,-0.199861591695502,-0.0517339484813533,0.0297731641676278,0.103406382160707,0.267958477508651,5.70091485977173,17.5023708343506,270,BEAM0000,TRUE,40810919.9375352,0,803,1,0.94497549533844,19640000100109486,5,-44.1392803819588,-13.7159081060828
74,0.00615148019992311,-0.0222068435217224,-0.113740868896578,-0.16,-0.0842137639369473,0.119092656670511,0.108512110726644,0.221453287197232,5.41834306716919,17.5030250549316,90,BEAM0000,TRUE,40810920.4416447,0,772,1,0.936568260192871,19640000100109547,2,-44.1199887247008,-13.6906480082525
75,0.0246059207996924,-0.0669896193771627,-0.153787004998078,-0.259900038446751,-0.055363321799308,0.0271280276816609,0.135886197616301,0.25196462898885,6.82523059844971,17.5014781951904,250,BEAM0000,TRUE,40810919.1028212,0,785,1,0.939761817455292,19640000100109385,8,-44.1712484445047,-13.7576799416568
76,0.055363321799308,-0.0629911572472126,-0.0842137639369473,-0.153787004998078,-0.0842137639369473,0.119092656670511,0.113740868896578,0.236462898885044,14.9190788269043,17.4959316253662,54,BEAM0000,TRUE,40810920.3259488,0,746,1,0.944845974445343,19640000100109533,5,-44.1244155303137,-13.696438916802
77,0.0984236831987697,-0.0591157247212611,-0.186082276047674,-0.199861591695502,-0.0482276047673972,0.0199307958477509,0.0984236831987697,0.192910419069589,7.70714378356934,17.50048828125,153,BEAM0000,TRUE,40810919.5160212,0,819,1,0.953256607055664,19640000100109435,2,-44.1554236514401,-13.7370014597425
78,0.055363321799308,-0.055363321799308,-0.228896578239139,-0.236462898885044,-0.00744329104190696,-0.0482276047673972,0.0888273740868896,0.25196462898885,10.961859703064,17.4994583129883,341,BEAM0000,TRUE,40810920.2515727,0,781,1,0.967817842960358,19640000100109524,9,-44.1272629910994,-13.7001718967126
79,0.0271280276816609,-0.0246059207996924,-0.206935793925413,-0.276139946174548,-0.0354325259515571,0.055363321799308,0.0888273740868896,0.25196462898885,10.7557125091553,17.4986839294434,336,BEAM0000,TRUE,40810920.3011568,0,762,1,0.976376712322235,19640000100109530,7,-44.1253647466252,-13.6976842893302
80,0.0669896193771627,-0.0325413302575932,-0.16,-0.17279507881584,-0.055363321799308,0.0271280276816609,0.108512110726644,0.206935793925413,5.79106378555298,17.5025825500488,90,BEAM0000,TRUE,40810919.5490772,0,822,1,0.950294077396393,19640000100109439,1,-44.1541569569491,-13.7353483939788
81,-0.00301422529796232,-0.0384467512495194,-0.141730103806228,-0.16,-0.0753556324490581,0.0935640138408305,0.113740868896578,0.214133025759323,5.91550874710083,17.5029811859131,72,BEAM0000,TRUE,40810920.4499088,0,768,1,0.975326120853424,19640000100109548,3,-44.1196725756819,-13.690233595331
82,-0.00744329104190696,-0.103406382160707,-0.124567474048443,-0.186082276047674,-0.0448442906574394,0.055363321799308,0.103406382160707,0.228896578239139,7.47045278549194,17.5006370544434,247,BEAM0000,TRUE,40810920.0532368,0,784,1,0.942965388298035,19640000100109500,7,-44.1348526065102,-13.7101119181981
83,0.000246059207996924,-0.0177777777777778,-0.17279507881584,-0.130165321030373,-0.124567474048443,0.130165321030373,0.103406382160707,0.284444444444444,5.68918180465698,17.5026340484619,57,BEAM0000,TRUE,40810919.0615012,0,751,1,0.953358054161072,19640000100109380,7,-44.1728323796017,-13.7597395914279
84,0.0711111111111111,-0.0482276047673972,-0.166336024605921,-0.192910419069589,-0.0325413302575932,0.013840830449827,0.108512110726644,0.214133025759323,5.18910026550293,17.5031147003174,244,BEAM0000,TRUE,40810919.4747012,0,814,1,0.950434386730194,19640000100109430,2,-44.1570068694891,-13.7390675237585
85,0.0888273740868896,-0.0415840061514802,-0.192910419069589,-0.206935793925413,-0.0482276047673972,0.0222068435217224,0.0984236831987697,0.214133025759323,12.3270673751831,17.4981498718262,0,BEAM0000,TRUE,40810919.5077572,0,819,1,0.94868278503418,19640000100109434,0,-44.1557403246139,-13.7374148015916
86,0.0448442906574394,-0.0354325259515571,-0.147697039600154,-0.192910419069589,-0.0415840061514802,0.0222068435217224,0.0984236831987697,0.259900038446751,5.98756456375122,17.5031070709229,284,BEAM0000,TRUE,40810919.9458012,0,803,1,0.97497546672821,19640000100109487,4,-44.1389640355961,-13.7154947911255
87,0.0888273740868896,-0.0935640138408305,-0.228896578239139,-0.214133025759323,-0.00301422529796232,-0.0120569011918493,0.0984236831987697,0.25196462898885,13.267128944397,17.4968013763428,128,BEAM0000,TRUE,40810919.2928932,0,792,1,0.949663281440735,19640000100109408,6,-44.1639676305472,-13.7481655287824
88,0.0354325259515571,-0.0354325259515571,-0.147697039600154,-0.179377162629758,-0.0482276047673972,0.0246059207996924,0.0984236831987697,0.276139946174548,5.8414192199707,17.5025119781494,341,BEAM0000,TRUE,40810919.9210032,0,802,1,0.987103819847107,19640000100109484,6,-44.1399131535087,-13.7167352766911
89,0.055363321799308,-0.0297731641676278,-0.147697039600154,-0.153787004998078,-0.055363321799308,0.0448442906574394,0.108512110726644,0.221453287197232,5.73910331726074,17.5025615692139,90,BEAM0000,TRUE,40810919.6069252,0,825,1,0.947378635406494,19640000100109446,1,-44.1519403928709,-13.732455205287
90,0.0888273740868896,-0.0415840061514802,-0.206935793925413,-0.206935793925413,-0.013840830449827,0.0384467512495194,0.113740868896578,0.25196462898885,8.71869468688965,17.4995765686035,27,BEAM0000,TRUE,40810920.7474168,0,745,1,0.936759769916534,19640000100109584,4,-44.108289694372,-13.6753338362866
91,0.103406382160707,-0.0842137639369473,-0.228896578239139,-0.228896578239139,0.00221453287197232,-0.0157477893118032,0.0984236831987697,0.228896578239139,14.0946359634399,17.4974212646484,27,BEAM0000,TRUE,40810920.1854608,0,778,1,0.938826680183411,19640000100109516,2,-44.1297933221369,-13.7034843989942
92,0.0157477893118032,-0.0711111111111111,-0.130165321030373,-0.236462898885044,-0.0482276047673972,0.0325413302575932,0.108512110726644,0.228896578239139,9.92852687835693,17.4987144470215,210,BEAM0000,TRUE,40810920.4168527,0,763,1,0.94272655248642,19640000100109544,7,-44.1209370674391,-13.6918889229116
93,0.0935640138408305,-0.0711111111111111,-0.236462898885044,-0.221453287197232,-0.00885813148788927,0.00744329104190696,0.103406382160707,0.206935793925413,6.89445304870606,17.5007801055908,326,BEAM0000,TRUE,40810920.7226207,0,758,1,0.933080434799194,19640000100109581,3,-44.1092388782846,-13.6765788734639
94,0.00885813148788927,-0.0517339484813533,-0.124567474048443,-0.206935793925413,-0.0354325259515571,0.0384467512495194,0.0629911572472126,0.214133025759323,5.87997770309448,17.5027084350586,284,BEAM0000,TRUE,40810919.8548752,0,807,1,0.977730393409729,19640000100109476,4,-44.1424445628198,-13.7200439864206
95,0.0297731641676278,-0.0354325259515571,-0.147697039600154,-0.186082276047674,-0.0482276047673972,0.0271280276816609,0.0888273740868896,0.276139946174548,6.42716836929321,17.5021533966064,300,BEAM0000,TRUE,40810919.9292692,0,801,1,0.980215549468994,19640000100109485,6,-44.1395967471139,-13.7163215349626
96,0.0482276047673972,-0.0448442906574394,-0.0935640138408305,-0.192910419069589,-0.0591157247212611,0.17279507881584,0.0984236831987697,0.236462898885044,5.58347702026367,17.5026588439941,314,BEAM0000,TRUE,40810920.0367088,0,777,1,0.944408714771271,19640000100109498,1,-44.1354847738882,-13.710936970944
97,-0.00153787004998078,-0.0384467512495194,-0.108512110726644,-0.147697039600154,-0.141730103806228,0.0629911572472126,0.0842137639369473,0.292871972318339,8.70437431335449,17.5000133514404,164,BEAM0000,TRUE,40810919.3424772,0,784,1,0.980524122714996,19640000100109414,10,-44.1620698797945,-13.7456812297739
98,0.0797231833910035,-0.0711111111111111,-0.124567474048443,-0.192910419069589,-0.0482276047673972,0.130165321030373,0.108512110726644,0.244152249134948,20.0044593811035,17.4948043823242,79,BEAM0000,TRUE,40810918.8796737,0,733,1,0.977401494979858,19640000100109358,5,-44.1798044018959,-13.7688358389909
99,0.0797231833910035,-0.0482276047673972,-0.192910419069589,-0.186082276047674,-0.0629911572472126,0.0482276047673972,0.0935640138408305,0.25196462898885,5.65365934371948,17.502779006958,134,BEAM0000,TRUE,40810919.9871247,0,803,1,0.943861842155457,19640000100109492,1,-44.1373825548237,-13.7134263537035
100,0.0753556324490581,-0.0482276047673972,-0.206935793925413,-0.244152249134948,-0.00885813148788927,0.0177777777777778,0.119092656670511,0.236462898885044,12.0156240463257,17.4978675842285,341,BEAM0000,TRUE,40810920.2846287,0,764,1,0.936797022819519,19640000100109528,9,-44.1259974727805,-13.6985131846792
