beam,shot_number,lon_lowestmode,lat_lowestmode,elev_lowestmode,rh50,rh75,rh90,rh98,rh100
BEAM0001,19640119100108615,-44.139989434287,-13.7263688347954,797.915161132813,-0.140000000596046,1.03999996185303,2.05999994277954,3.25,4.30000019073486
BEAM0001,19640119300108616,-44.1396729369456,-13.7259550797483,797.402709960938,-0.259999990463257,0.930000007152557,1.94000005722046,3.0699999332428,4.07999992370605
BEAM0001,19640119500108617,-44.1393564405354,-13.7255413408871,796.948974609375,-0.259999990463257,0.930000007152557,1.94000005722046,3.22000002861023,4.40999984741211
BEAM0001,19640119700108618,-44.1390399277546,-13.7251275176763,796.044982910156,-0.109999999403954,1.08000004291534,2.13000011444092,3.36999988555908,4.48999977111816
BEAM0001,19640119900108619,-44.1387234145169,-13.7247137212552,795.239318847656,-0.180000007152557,0.970000028610229,2.01999998092651,3.25,4.40999984741211
BEAM0001,19640120100108620,-44.1384069234958,-13.7243001077447,795.308837890625,-0.0700000002980232,1.1599999666214,2.24000000953674,3.44000005722046,4.48999977111816
BEAM0001,19640120300108621,-44.1380903970487,-13.7238863201197,794.462768554688,0.219999998807907,1.72000002861023,3.97000002861023,7.71000003814697,9.27999973297119
BEAM0001,19640120500108622,-44.1377738795923,-13.7234726435647,794.119873046875,-0.140000000596046,0.970000028610229,1.98000001907349,3.1800000667572,4.19000005722046
BEAM0001,19640120700108623,-44.1374573508577,-13.7230589460809,793.631958007813,-0.0299999993294477,1.1599999666214,2.27999997138977,3.70000004768372,4.98000001907349
BEAM0001,19640120900108624,-44.1371408241862,-13.7226453023291,793.378234863281,0.860000014305115,3.02999997138977,4.94000005722046,6.65999984741211,7.8600001335144
BEAM0001,19640121100108625,-44.1368242740836,-13.7222315382133,792.493103027344,0.219999998807907,1.72000002861023,4.11999988555908,7.78999996185303,9.25
BEAM0001,19640121300108626,-44.1365077394172,-13.7218178946988,792.190734863281,-0.109999999403954,1.12000000476837,2.20000004768372,3.51999998092651,4.67999982833862
BEAM0001,19640121500108627,-44.1361912039714,-13.7214042594562,791.918273925781,-0.0700000002980232,1.19000005722046,2.39000010490418,4.15000009536743,5.69000005722046
BEAM0001,19640121700108628,-44.135874661599,-13.7209905837415,791.438903808594,-0.0299999993294477,1.30999994277954,2.5,3.9300000667572,5.05000019073486
BEAM0001,19640121900108629,-44.1355581432067,-13.7205770534097,791.686828613281,0.629999995231628,2.69000005722046,4.38000011444092,6.1399998664856,7.48999977111816
BEAM0001,19640122100108630,-44.1352416140496,-13.7201634399754,791.529602050781,0.28999999165535,2.01999998092651,3.67000007629395,5.53999996185303,6.76999998092651
BEAM0010,19640210000109266,-44.1399196218758,-13.7350614999522,802.824645996094,0.409999996423721,2.39000010490418,4.07999992370605,6.05999994277954,7.51999998092651
BEAM0010,19640210200109267,-44.1396034255002,-13.7346478605744,803.812744140625,-0.140000000596046,1.72000002861023,3.40000009536743,5.28000020980835,6.65999984741211
BEAM0010,19640210400109268,-44.1392871847332,-13.7342342416549,804.721862792969,-0.930000007152557,0.889999985694885,2.39000010490418,4.23000001907349,5.73000001907349
BEAM0010,19640210600109269,-44.138970789441,-13.7338202968706,803.998718261719,-0.330000013113022,1.83000004291534,3.54999995231628,5.19999980926514,6.46999979019165
BEAM0010,19640210800109270,-44.1386543740498,-13.7334064824885,803.652954101563,-0.0700000002980232,1.75999999046326,3.28999996185303,4.82999992370606,6.1399998664856
BEAM0010,19640211000109271,-44.1383378014138,-13.7329923376512,801.65234375,0.0700000002980232,1.75999999046326,3.28999996185303,4.98000001907349,6.32000017166138
BEAM0010,19640211200109272,-44.1380213593705,-13.7325787980377,802.14990234375,-0.28999999165535,1.08000004291534,2.24000000953674,3.58999991416931,4.78999996185303
BEAM0010,19640211400109273,-44.1377048253804,-13.7321651163896,801.848876953125,-0.370000004768372,0.970000028610229,2.08999991416931,3.28999996185303,4.40999984741211
BEAM0010,19640211600109274,-44.1373882505399,-13.7317514486796,801.453247070313,-0.219999998807907,1.1599999666214,2.3199999332428,3.67000007629395,4.8600001335144
BEAM0010,19640211800109275,-44.1370716696873,-13.7313378975728,801.431945800781,-0.330000013113022,1.08000004291534,2.24000000953674,3.54999995231628,4.6399998664856
BEAM0010,19640212000109276,-44.1367550434619,-13.730924319149,801.156860351563,-0.219999998807907,1.23000001907349,2.4300000667572,3.70000004768372,4.82999992370606
BEAM0010,19640212200109277,-44.1364383890871,-13.7305107576879,800.837890625,-0.140000000596046,1.3400000333786,2.61999988555908,4.07999992370605,5.28000020980835
BEAM0010,19640212400109278,-44.1361217970107,-13.7300974982128,801.748779296875,-0.28999999165535,1.26999998092651,2.65000009536743,4.1100001335144,5.34999990463257
BEAM0010,19640212600109279,-44.1358050859984,-13.7296839303325,801.199951171875,0.0700000002980232,1.94000005722046,3.67000007629395,5.34999990463257,6.59000015258789
BEAM0010,19640212800109280,-44.1354884131645,-13.7292705590079,801.438598632813,-0.259999990463257,1.30999994277954,2.61999988555908,4.07999992370605,5.28000020980835
BEAM0010,19640213000109281,-44.13517171457,-13.7288571603493,801.486206054688,-0.439999997615814,1.19000005722046,2.57999992370605,4.1100001335144,5.3899998664856
BEAM0010,19640213200109282,-44.1348549795952,-13.7284436868559,801.146301269531,-0.109999999403954,1.57000005245209,2.99000000953674,4.48999977111816,5.69000005722046
BEAM0010,19640213400109283,-44.1345382545311,-13.7280302773967,801.043334960938,0.109999999403954,1.9099999666214,3.51999998092651,5.46000003814697,6.96000003814697
BEAM0010,19640213600109284,-44.134221503773,-13.7276168019729,800.615539550781,-0.0299999993294477,1.78999996185303,3.36999988555908,5.28000020980835,6.65999984741211
BEAM0010,19640213800109285,-44.1339047621536,-13.7272033631669,800.331176757813,-0.180000007152557,1.61000001430511,3.02999997138977,4.55999994277954,5.69000005722046
BEAM0010,19640214000109286,-44.1335879892504,-13.7267898133842,799.545776367188,0.219999998807907,1.98000001907349,3.54999995231628,5.30999994277954,6.59000015258789
BEAM0010,19640214200109287,-44.1332713042064,-13.7263765322386,799.951477050781,0.0700000002980232,1.98000001907349,3.63000011444092,5.30999994277954,6.59000015258789
BEAM0010,19640214400109288,-44.1329546250685,-13.7259632382337,800.319091796875,-0.28999999165535,1.3400000333786,2.65000009536743,4.1100001335144,5.28000020980835
BEAM0010,19640214600109289,-44.1326377862141,-13.7255493718612,798.182922363281,0.670000016689301,2.76999998092651,4.82999992370606,6.69999980926514,7.96999979019165
BEAM0010,19640214800109290,-44.1323210806252,-13.7251358845147,797.762573242188,-0.109999999403954,1.08000004291534,2.13000011444092,3.36999988555908,4.44999980926514
BEAM0010,19640215000109291,-44.1320043871155,-13.7247223648522,797.252807617188,-0.0700000002980232,1.12000000476837,2.20000004768372,3.54999995231628,4.6399998664856
BEAM0010,19640215200109292,-44.1316877589144,-13.7243089758665,797.388549804688,-0.109999999403954,1.03999996185303,2.04999995231628,3.32999992370605,4.38000011444092
BEAM0010,19640215400109293,-44.1313711330968,-13.7238954960568,797.198974609375,-0.0299999993294477,1.26999998092651,2.4300000667572,3.84999990463257,4.98000001907349
BEAM0010,19640215600109294,-44.1310545335486,-13.7234819935631,796.997253417969,-0.140000000596046,1.00999999046326,2.01999998092651,3.22000002861023,4.19000005722046
BEAM0010,19640215800109295,-44.1307379682351,-13.7230684959955,796.904235839844,-0.180000007152557,1.03999996185303,2.08999991416931,3.36999988555908,4.55999994277954
BEAM0010,19640216000109296,-44.1304214374247,-13.7226550110369,796.947082519531,-0.140000000596046,1.00999999046326,1.98000001907349,3.09999990463257,4.07999992370605
BEAM0010,19640216200109297,-44.1301049197708,-13.7222414751828,796.839660644531,-0.219999998807907,1.00999999046326,2.01999998092651,3.25,4.38000011444092
BEAM0010,19640216400109298,-44.1297884365549,-13.7218279650088,796.913818359375,-0.180000007152557,0.970000028610229,1.94000005722046,3.14000010490418,4.19000005722046
BEAM0010,19640216600109299,-44.1294719731714,-13.7214144385152,796.975952148438,-0.0700000002980232,1.1599999666214,2.20000004768372,3.36999988555908,4.38000011444092
BEAM0010,19640216800109300,-44.1291555297965,-13.7210009037853,797.057678222656,-0.109999999403954,1.08000004291534,2.08999991416931,3.36999988555908,4.40999984741211
BEAM0010,19640217000109301,-44.1288391237657,-13.7205874248219,797.436767578125,-0.140000000596046,1.08000004291534,2.17000007629395,3.48000001907349,4.71000003814697
BEAM0010,19640217200109302,-44.1285227053008,-13.7201738426312,797.399047851563,0.259999990463257,1.83000004291534,3.44000005722046,5.5,6.92000007629395
BEAM0011,19640305900108398,-44.1399979997617,-13.7446027235618,802.328063964844,-0.219999998807907,1.00999999046326,2.08999991416931,3.28999996185303,4.48999977111816
BEAM0011,19640306100108399,-44.139681606145,-13.7441889173133,802.199279785156,-0.109999999403954,1.08000004291534,2.13000011444092,3.40000009536743,4.6399998664856
BEAM0011,19640306300108400,-44.1393652955802,-13.7437751607793,802.493103027344,-0.180000007152557,1.00999999046326,2.01999998092651,3.28999996185303,4.53000020980835
BEAM0011,19640306500108401,-44.1390490220148,-13.743361348503,802.718933105469,-0.109999999403954,1.08000004291534,2.17000007629395,3.54999995231628,4.8600001335144
BEAM0011,19640306700108402,-44.1387327542326,-13.7429474132924,802.556762695313,-0.180000007152557,1.03999996185303,2.13000011444092,3.44000005722046,4.71000003814697
BEAM0011,19640306900108403,-44.138416519368,-13.7425334420956,802.380554199219,-0.109999999403954,1.08000004291534,2.13000011444092,3.44000005722046,4.67999982833862
BEAM0011,19640307100108404,-44.1381003413486,-13.7421195117671,802.512268066406,-0.180000007152557,1.00999999046326,2.01999998092651,3.25,4.40999984741211
BEAM0011,19640307300108405,-44.137784142725,-13.7417054346246,802.094909667969,-0.140000000596046,1.03999996185303,2.08999991416931,3.44000005722046,4.75
BEAM0011,19640307500108406,-44.1374679966745,-13.7412914178846,802.039184570313,-0.140000000596046,1.00999999046326,2.04999995231628,3.28999996185303,4.48999977111816
BEAM0011,19640307700108407,-44.1371518429368,-13.7408773181346,801.682678222656,-0.0700000002980232,1.19000005722046,2.3199999332428,3.9300000667572,5.57999992370606
BEAM0011,19640307900108408,-44.1368357552784,-13.7404633439403,801.941528320313,-0.109999999403954,1.12000000476837,2.17000007629395,3.36999988555908,4.53000020980835
BEAM0011,19640308100108409,-44.1365196062019,-13.7400491765578,801.372497558594,-0.0700000002980232,1.12000000476837,2.20000004768372,3.44000005722046,4.59999990463257
BEAM0011,19640308300108410,-44.1362035150977,-13.7396351430925,801.417724609375,-0.259999990463257,0.970000028610229,2.04999995231628,3.28999996185303,4.48999977111816
BEAM0011,19640308500108411,-44.1358873722579,-13.7392209718061,800.845642089844,-0.0700000002980232,1.12000000476837,2.17000007629395,3.40000009536743,4.59999990463257
BEAM0011,19640308700108412,-44.1355712497343,-13.7388068660996,800.546813964844,-0.109999999403954,1.03999996185303,2.04999995231628,3.25,4.44999980926514
BEAM0011,19640308900108413,-44.1352551304485,-13.7383927966569,800.37353515625,-0.109999999403954,1.08000004291534,2.13000011444092,3.36999988555908,4.53000020980835
BEAM0011,19640309100108414,-44.1349389811041,-13.7379786909415,799.980895996094,-0.0299999993294477,1.12000000476837,2.24000000953674,3.70000004768372,5.09000015258789
BEAM0011,19640309300108415,-44.1346228340778,-13.7375646486543,799.796813964844,-0.219999998807907,0.970000028610229,1.94000005722046,3.02999997138977,4.19000005722046
BEAM0011,19640309500108416,-44.1343066423347,-13.7371505621509,799.323425292969,-0.109999999403954,1.03999996185303,2.04999995231628,3.25,4.44999980926514
BEAM0011,19640309700108417,-44.1339904332276,-13.7367365177357,798.926635742188,-0.140000000596046,1.03999996185303,2.04999995231628,3.22000002861023,4.38000011444092
BEAM0011,19640309900108418,-44.1336742156559,-13.7363225539804,798.761840820313,-0.0700000002980232,1.12000000476837,2.20000004768372,3.58999991416931,5.01000022888184
BEAM0011,19640310100108419,-44.1333579761454,-13.7359086509068,798.722778320313,1.00999999046326,3.1800000667572,5.01000022888184,6.76999998092651,8.05000019073486
BEAM0011,19640310300108420,-44.1330418098047,-13.7354950718183,799.965087890625,-0.0700000002980232,1.61000001430511,2.95000004768372,4.48999977111816,5.76000022888184
BEAM0011,19640310500108421,-44.1327254779823,-13.7350812068041,799.743713378906,-0.219999998807907,1.30999994277954,2.61999988555908,4.15000009536743,5.57999992370606
BEAM0011,19640310700108422,-44.1324090955171,-13.734667371505,799.454895019531,-0.0299999993294477,1.57000005245209,2.99000000953674,4.59999990463257,5.98999977111816
BEAM0011,19640310900108423,-44.1320926589756,-13.7342535581949,799.061279296875,-0.0299999993294477,1.61000001430511,2.99000000953674,4.53000020980835,5.80000019073486
BEAM0011,19640311100108424,-44.1317760979691,-13.7338395714148,797.699340820313,0.0700000002980232,1.75999999046326,3.1800000667572,4.75,6.17000007629395
BEAM0011,19640311300108425,-44.1314596314353,-13.7334259741473,797.90185546875,-0.259999990463257,1.1599999666214,2.34999990463257,3.8199999332428,5.13000011444092
BEAM0011,19640311500108426,-44.1311430932829,-13.7330123207278,797.68896484375,-0.0299999993294477,1.49000000953674,2.69000005722046,4,5.13000011444092
BEAM0011,19640311700108427,-44.1308265150396,-13.7325986817479,797.385498046875,-0.180000007152557,1.19000005722046,2.39000010490418,3.8199999332428,5.05000019073486
BEAM0011,19640311900108428,-44.1305099242989,-13.7321851196193,797.286987304688,-0.140000000596046,1.26999998092651,2.53999996185303,4,5.30999994277954
BEAM0011,19640312100108429,-44.1301933151248,-13.7317716076275,797.286193847656,-0.109999999403954,1.41999995708466,2.69000005722046,4.15000009536743,5.46000003814697
BEAM0011,19640312300108430,-44.129876622301,-13.7313579633857,796.577514648438,-0.180000007152557,1.1599999666214,2.3199999332428,3.67000007629395,4.8600001335144
BEAM0011,19640312500108431,-44.1295600270612,-13.7309446512801,797.253112792969,-0.439999997615814,1.03999996185303,2.27999997138977,3.70000004768372,4.98000001907349
BEAM0011,19640312700108432,-44.1292433993151,-13.730531319902,797.754821777344,-0.219999998807907,1.49000000953674,2.95000004768372,4.44999980926514,5.6100001335144
BEAM0011,19640312900108433,-44.1289266956025,-13.7301178434568,797.529602050781,-0.140000000596046,1.46000003814697,2.95000004768372,4.67999982833862,5.98999977111816
BEAM0011,19640313100108434,-44.128609995502,-13.7297044202608,797.479370117188,0.0299999993294477,1.63999998569489,2.99000000953674,4.55999994277954,5.80000019073486
BEAM0011,19640313300108435,-44.128293251477,-13.7292909144368,797.007934570313,0.330000013113022,2.17000007629395,3.63000011444092,5.05000019073486,6.1399998664856
BEAM0011,19640313500108436,-44.1279766746862,-13.7288778691782,798.561706542969,-0.370000004768372,1.26999998092651,2.57999992370605,3.96000003814697,5.09000015258789
BEAM0011,19640313700108437,-44.1276599003706,-13.7284643162894,797.815551757813,-0.109999999403954,1.57000005245209,2.95000004768372,4.44999980926514,5.65000009536743
BEAM0011,19640313900108438,-44.1273431898803,-13.7280509306649,797.805908203125,-0.140000000596046,1.52999997138977,2.95000004768372,4.48999977111816,5.69000005722046
BEAM0011,19640314100108439,-44.1270265402475,-13.7276376939376,798.464599609375,-0.259999990463257,1.23000001907349,2.5,4.07999992370605,5.28000020980835
BEAM0011,19640314300108440,-44.1267098472665,-13.7272243208559,798.523376464844,-0.180000007152557,1.3400000333786,2.69000005722046,4.19000005722046,5.42999982833862
BEAM0011,19640314500108441,-44.1263931694856,-13.7268109548536,798.64013671875,-0.28999999165535,1.19000005722046,2.5,4.19000005722046,5.46000003814697
BEAM0011,19640314700108442,-44.1260765265849,-13.7263976363323,799.008239746094,-0.140000000596046,1.57000005245209,2.95000004768372,4.53000020980835,5.6100001335144
BEAM0011,19640314900108443,-44.1257598519119,-13.7259841795706,798.807922363281,0.140000000596046,1.87000000476837,3.32999992370605,4.90000009536743,6.09999990463257
BEAM0011,19640315100108444,-44.1254432298503,-13.7255707948237,798.993591308594,0,1.75999999046326,3.14000010490418,4.53000020980835,5.6100001335144
BEAM0011,19640315300108445,-44.1251266036631,-13.7251573224135,798.863342285156,0,1.75999999046326,3.40000009536743,5.28000020980835,6.65999984741211
BEAM0011,19640315500108446,-44.1248097944852,-13.7247432831703,796.287109375,-0.0299999993294477,1.1599999666214,2.20000004768372,3.48000001907349,4.59999990463257
BEAM0011,19640315700108447,-44.1244931300136,-13.7243295306742,795.087524414063,-0.140000000596046,1.03999996185303,2.08999991416931,3.28999996185303,4.44999980926514
BEAM0011,19640315900108448,-44.1241765122989,-13.7239158132728,794.1337890625,-0.140000000596046,1.00999999046326,2.04999995231628,3.32999992370605,4.59999990463257
BEAM0011,19640316100108449,-44.1238599945532,-13.7235022762512,794.068725585938,-0.180000007152557,0.970000028610229,1.94000005722046,3.1800000667572,4.30000019073486
BEAM0011,19640316300108450,-44.1235435425513,-13.7230888354595,794.509338378906,-0.0299999993294477,1.19000005722046,2.3199999332428,3.77999997138977,5.19999980926514
BEAM0011,19640316500108451,-44.1232270997442,-13.7226753478737,794.807312011719,-0.140000000596046,1.03999996185303,2.04999995231628,3.32999992370605,4.55999994277954
BEAM0011,19640316700108452,-44.1229107203791,-13.7222619623818,795.626037597656,-0.109999999403954,1.03999996185303,2.04999995231628,3.22000002861023,4.26000022888184
BEAM0011,19640316900108453,-44.122594371877,-13.7218485984776,796.594909667969,-0.180000007152557,1.00999999046326,2.04999995231628,3.25,4.38000011444092
BEAM0011,19640317100108454,-44.1222780003043,-13.7214351197923,797.095153808594,-0.140000000596046,1.08000004291534,2.17000007629395,3.40000009536743,4.53000020980835
BEAM0011,19640317300108455,-44.1219616247031,-13.7210215829668,797.377136230469,-0.140000000596046,1.03999996185303,2.08999991416931,3.32999992370605,4.38000011444092
BEAM0011,19640317500108456,-44.1216452656292,-13.720608047649,797.701538085938,-0.219999998807907,0.970000028610229,2.01999998092651,3.28999996185303,4.38000011444092
BEAM0011,19640317700108457,-44.1213289013122,-13.7201944613254,797.822387695313,-0.109999999403954,1.12000000476837,2.17000007629395,3.40000009536743,4.44999980926514
BEAM0101,19640513500108370,-44.1366113748983,-13.7499797525601,799.390625,-0.180000007152557,0.930000007152557,1.9099999666214,3.22000002861023,4.75
BEAM0101,19640513700108371,-44.136294618571,-13.7495663915384,799.487243652344,-0.109999999403954,1.19000005722046,2.34999990463257,3.77999997138977,5.30999994277954
BEAM0101,19640513900108372,-44.1359778554749,-13.7491530178186,799.493469238281,-0.259999990463257,0.970000028610229,2.01999998092651,3.28999996185303,4.75
BEAM0101,19640514100108373,-44.1356610887672,-13.7487396275034,799.393371582031,-0.180000007152557,1.00999999046326,2.05999994277954,3.44000005722046,5.34999990463257
BEAM0101,19640514300108374,-44.1353443038231,-13.7483261719669,798.920104980469,-0.259999990463257,0.970000028610229,2.01999998092651,3.32999992370605,4.82999992370606
BEAM0101,19640514500108375,-44.1350275352273,-13.7479127337062,798.579711914063,-0.219999998807907,0.970000028610229,1.98000001907349,3.22000002861023,4.75
BEAM0101,19640514700108376,-44.1347107625384,-13.7474992467593,797.993591308594,-0.219999998807907,0.970000028610229,1.98000001907349,3.1800000667572,4.55999994277954
BEAM0101,19640514900108377,-44.1343940342036,-13.7470858311548,797.891296386719,-0.219999998807907,1.00999999046326,2.01999998092651,3.22000002861023,4.78999996185303
BEAM0101,19640515100108378,-44.1340772960995,-13.7466723320301,797.376220703125,-0.219999998807907,0.889999985694885,1.87000000476837,3.02999997138977,4.53000020980835
BEAM0101,19640515300108379,-44.1337606059827,-13.7462588923441,797.302795410156,-0.219999998807907,0.930000007152557,1.94000005722046,3.14000010490418,4.55999994277954
BEAM0101,19640515500108380,-44.1334439240249,-13.7458453956709,797.002197265625,-0.259999990463257,0.889999985694885,1.9099999666214,3.14000010490418,4.78999996185303
BEAM0101,19640515700108381,-44.1331272648385,-13.7454318771454,796.6923828125,-0.259999990463257,0.889999985694885,1.9099999666214,3.0699999332428,4.44999980926514
BEAM0101,19640515900108382,-44.1328106285433,-13.7450183398456,796.378723144531,-0.219999998807907,0.930000007152557,1.9099999666214,3.0699999332428,4.44999980926514
BEAM0101,19640516100108383,-44.1324940297943,-13.7446048283884,796.320617675781,-0.259999990463257,0.930000007152557,1.94000005722046,3.44000005722046,5.88000011444092
BEAM0101,19640516300108384,-44.1321774184869,-13.744191212418,795.735534667969,-0.219999998807907,0.930000007152557,1.94000005722046,3.14000010490418,4.6399998664856
BEAM0101,19640516500108385,-44.1318608541915,-13.7437776574169,795.600402832031,-0.219999998807907,0.970000028610229,2.05999994277954,3.58999991416931,5.98999977111816
BEAM0101,19640516700108386,-44.1315442826141,-13.7433640214142,795.06103515625,-0.259999990463257,0.930000007152557,1.9099999666214,3.0699999332428,4.53000020980835
BEAM0101,19640516900108387,-44.1312277565009,-13.7429504507468,794.976989746094,-0.259999990463257,0.930000007152557,1.9099999666214,3.14000010490418,4.71000003814697
BEAM0101,19640517100108388,-44.1309112276845,-13.7425368210493,794.605590820313,-0.219999998807907,0.970000028610229,1.94000005722046,3.14000010490418,4.6399998664856
BEAM0101,19640517300108389,-44.1305947303438,-13.7421232284494,794.505737304688,-0.219999998807907,0.970000028610229,2.01999998092651,3.28999996185303,4.82999992370606
BEAM0101,19640517500108390,-44.1302782432818,-13.7417096205617,794.359069824219,-0.259999990463257,0.930000007152557,1.94000005722046,3.1800000667572,4.6399998664856
BEAM0101,19640517700108391,-44.1299617588184,-13.7412959821309,794.07080078125,-0.219999998807907,0.930000007152557,1.9099999666214,3.09999990463257,4.67999982833862
BEAM0101,19640517900108392,-44.1296453056927,-13.7408823933128,794.098937988281,-0.219999998807907,0.930000007152557,1.94000005722046,3.14000010490418,4.59999990463257
BEAM0101,19640518100108393,-44.1293288405334,-13.7404687437193,793.788940429688,-0.180000007152557,1.00999999046326,2.05999994277954,3.28999996185303,4.75
BEAM0101,19640518300108394,-44.1290123886119,-13.7400551051672,793.5546875,-0.140000000596046,1.08000004291534,2.17000007629395,3.48000001907349,5.01000022888184
BEAM0101,19640518500108395,-44.1286959648633,-13.7396415230774,793.660278320313,-0.330000013113022,0.930000007152557,1.94000005722046,3.1800000667572,4.6399998664856
BEAM0101,19640518700108396,-44.128379471549,-13.7392277915562,793.17041015625,0.0299999993294477,1.49000000953674,3.02999997138977,6.1399998664856,9.02000045776367
BEAM0101,19640518900108397,-44.1280629728738,-13.7388140883685,793.133239746094,0.330000013113022,2.27999997138977,4.19000005722046,7.34000015258789,9.51000022888184
BEAM0101,19640519100108398,-44.1277464239675,-13.7384002443727,792.240234375,0.28999999165535,2.27999997138977,4.90000009536743,7.59999990463257,9.92000007629395
BEAM0101,19640519300108399,-44.1274299479621,-13.7379865948295,792.468078613281,0.0700000002980232,1.98000001907349,3.67000007629395,5.84000015258789,7.82000017166138
BEAM0101,19640519500108400,-44.1271133622388,-13.7375726539744,790.932006835938,-0.28999999165535,1.00999999046326,2.08999991416931,3.51999998092651,5.69000005722046
BEAM0101,19640519700108401,-44.1267968034687,-13.737158793784,789.828918457031,0.140000000596046,1.87000000476837,3.77999997138977,6.28999996185303,8.39000034332275
BEAM0101,19640519900108402,-44.1264801996333,-13.7367448250514,788.027954101563,0.109999999403954,1.78999996185303,3.97000002861023,8.09000015258789,10.7799997329712
BEAM0101,19640520100108403,-44.1261637303217,-13.7363312349275,788.405456542969,0.0700000002980232,2.79999995231628,5.6100001335144,8.6899995803833,10.6000003814697
BEAM0101,19640520300108404,-44.1258469674364,-13.7359168783431,784.17431640625,1.03999996185303,3.40000009536743,5.42999982833862,8.15999984741211,10.75
BEAM0101,19640520500108405,-44.1255303814378,-13.7355030213693,782.827697753906,2.05999994277954,5.53999996185303,8.19999980926514,10.710000038147,12.6199998855591
BEAM0101,19640520700108406,-44.1252138774563,-13.7350894053072,782.839904785156,1.03999996185303,3.74000000953674,6.51000022888184,9.02000045776367,11.039999961853
BEAM0101,19640520900108407,-44.1248973699644,-13.7346757964205,782.837463378906,0.439999997615814,2.39000010490418,4.03999996185303,5.94999980926514,7.71000003814697
BEAM0101,19640521100108408,-44.1245808320733,-13.7342621183368,782.380981445313,1.57000005245209,4.40999984741211,8.27000045776367,10.8999996185303,12.8100004196167
BEAM0101,19640521300108409,-44.1242644234978,-13.7338487950294,783.987182617188,0.0299999993294477,2.24000000953674,4.48999977111816,7.55999994277954,9.88000011444092
BEAM0101,19640521500108410,-44.1239478872841,-13.733435132792,783.562377929688,0.439999997615814,2.53999996185303,4.30000019073486,6.32999992370606,8.19999980926514
BEAM0101,19640521700108411,-44.1236314962976,-13.7330218595691,785.424072265625,0.519999980926514,2.73000001907349,5.88000011444092,8.97999954223633,10.7799997329712
BEAM0101,19640521900108412,-44.1233150868718,-13.7326085318066,786.95849609375,0,1.75999999046326,4.11999988555908,7.96999979019165,10.0299997329712
BEAM0101,19640522100108413,-44.1229986538655,-13.7321951312796,788.067260742188,0.109999999403954,1.75999999046326,3.40000009536743,5.42999982833862,7.34000015258789
BEAM0101,19640522300108414,-44.1226822160833,-13.7317817041665,789.034301757813,0.370000004768372,2.20000004768372,4.15000009536743,6.59000015258789,8.60999965667725
BEAM0101,19640522500108415,-44.1223658660581,-13.7313684941922,791.310241699219,-0.28999999165535,1.37999999523163,2.69000005722046,4.15000009536743,5.53999996185303
BEAM0101,19640522700108416,-44.1220493631809,-13.7309548513203,791.059875488281,0.370000004768372,2.17000007629395,3.77999997138977,5.34999990463257,6.73999977111816
BEAM0101,19640522900108417,-44.1217329852177,-13.7305415173488,792.685791015625,-0.439999997615814,1.03999996185303,2.24000000953674,3.54999995231628,4.94000005722046
BEAM0101,19640523100108418,-44.1214164882225,-13.7301278323323,792.288513183594,0.0700000002980232,1.75999999046326,3.28999996185303,4.94000005722046,6.44000005722046
BEAM0101,19640523300108419,-44.1211000200177,-13.7297141886806,792.200378417969,0.28999999165535,2.05999994277954,3.8199999332428,6.1399998664856,8.01000022888184
BEAM0101,19640523500108420,-44.1207835897237,-13.7293006072412,792.559143066406,0,1.46000003814697,2.76999998092651,4.23000001907349,5.6100001335144
BEAM0101,19640523700108421,-44.1204671704439,-13.7288870115219,792.921752929688,0.439999997615814,2.24000000953674,3.67000007629395,5.09000015258789,6.51000022888184
BEAM0101,19640523900108422,-44.1201508041869,-13.7284735092108,793.932678222656,-0.140000000596046,1.26999998092651,2.47000002861023,3.74000000953674,5.01000022888184
BEAM0101,19640524100108423,-44.1198343505656,-13.7280597189483,793.343933105469,0.219999998807907,1.83000004291534,3.14000010490418,4.55999994277954,5.90999984741211
BEAM0101,19640500100108424,-44.1195180716797,-13.7276462641235,794.428894042969,-0.330000013113022,0.970000028610229,2.01999998092651,3.22000002861023,4.55999994277954
BEAM0101,19640500300108425,-44.1192017943736,-13.7272327235136,794.973754882813,-0.519999980926514,0.779999971389771,1.83000004291534,3.02999997138977,4.34000015258789
BEAM0101,19640500500108426,-44.1188854976008,-13.7268190640774,794.949768066406,-0.330000013113022,0.930000007152557,1.98000001907349,3.25,4.55999994277954
BEAM0101,19640500700108427,-44.1185692104418,-13.7264053602318,794.811279296875,-0.28999999165535,1.00999999046326,2.05999994277954,3.28999996185303,4.59999990463257
BEAM0101,19640500900108428,-44.1182529164067,-13.7259915636806,794.284545898438,-0.0700000002980232,1.37999999523163,2.61999988555908,4,5.3899998664856
BEAM0101,19640501100108429,-44.1179366702128,-13.7255778178206,794.221435546875,-0.259999990463257,0.889999985694885,1.87000000476837,2.99000000953674,4.15000009536743
BEAM0101,19640501300108430,-44.1176204345402,-13.7251640272018,794.052917480469,-0.219999998807907,0.930000007152557,1.9099999666214,3.0699999332428,4.34000015258789
BEAM0101,19640501500108431,-44.1173042369491,-13.7247502734448,794.256286621094,-0.219999998807907,0.930000007152557,1.94000005722046,3.09999990463257,4.38000011444092
BEAM0101,19640501700108432,-44.1169880399677,-13.7243364614844,794.253234863281,-0.219999998807907,0.930000007152557,1.94000005722046,3.22000002861023,4.55999994277954
BEAM0101,19640501900108433,-44.1166718574352,-13.7239226362553,794.304992675781,-0.259999990463257,0.930000007152557,1.94000005722046,3.1800000667572,4.59999990463257
BEAM0101,19640502100108434,-44.1163557722202,-13.723509027241,795.761108398438,-0.479999989271164,1.08000004291534,2.3199999332428,3.63000011444092,5.05000019073486
BEAM0101,19640502300108435,-44.1160395892805,-13.7230951172289,795.549865722656,-0.519999980926514,0.970000028610229,2.08999991416931,3.36999988555908,4.67999982833862
BEAM0101,19640502500108436,-44.1157233861164,-13.7226811211692,794.933776855469,-0.370000004768372,1.03999996185303,2.24000000953674,3.51999998092651,4.82999992370606
BEAM0101,19640502700108437,-44.115407238263,-13.7222672487734,795.144897460938,-0.629999995231628,0.779999971389771,1.87000000476837,3.09999990463257,4.40999984741211
BEAM0101,19640502900108438,-44.1150910402597,-13.7218532238881,794.541320800781,-0.370000004768372,1.00999999046326,2.13000011444092,3.40000009536743,4.82999992370606
BEAM0101,19640503100108439,-44.1147748885461,-13.7214393120512,794.682861328125,-0.479999989271164,1.00999999046326,2.24000000953674,3.54999995231628,4.90000009536743
BEAM0101,19640503300108440,-44.1144587373449,-13.7210253971485,794.873596191406,-0.560000002384186,0.860000014305115,1.98000001907349,3.28999996185303,4.59999990463257
BEAM0101,19640503500108441,-44.1141424820331,-13.720611205676,793.488586425781,-0.259999990463257,1.30999994277954,2.57999992370605,3.9300000667572,5.30999994277954
BEAM0101,19640503700108442,-44.1138262708503,-13.7201971415418,792.903930664063,-0.219999998807907,1.19000005722046,2.34999990463257,3.63000011444092,4.94000005722046
BEAM0110,19640614200161263,-44.1292151829778,-13.7496961393823,791.039367675781,-0.180000007152557,1.23000001907349,2.53999996185303,4.23000001907349,6.09999990463257
BEAM0110,19640614400161264,-44.128898423548,-13.7492827112289,790.806884765625,-0.330000013113022,1.00999999046326,2.13000011444092,3.48000001907349,4.94000005722046
BEAM0110,19640614600161265,-44.1285816348496,-13.7488691949481,790.084838867188,-0.259999990463257,0.970000028610229,2.05999994277954,3.40000009536743,5.13000011444092
BEAM0110,19640614800161266,-44.1282649312899,-13.7484558216625,790.284729003906,-0.330000013113022,1.00999999046326,2.08999991416931,3.40000009536743,5.05000019073486
BEAM0110,19640615000161267,-44.1279481619813,-13.7480422659299,789.458129882813,-0.330000013113022,1.00999999046326,2.08999991416931,3.36999988555908,4.75
BEAM0110,19640615200161268,-44.1276314449946,-13.7476287667724,789.065307617188,-0.259999990463257,1.03999996185303,2.13000011444092,3.48000001907349,5.13000011444092
BEAM0110,19640615400161269,-44.1273147854571,-13.7472153264151,789.13916015625,-0.180000007152557,1.08000004291534,2.20000004768372,3.63000011444092,5.53999996185303
BEAM0110,19640615600161270,-44.1269981757005,-13.7468019205184,789.541564941406,-0.28999999165535,1.00999999046326,2.13000011444092,3.84999990463257,6.61999988555908
BEAM0110,19640615800161271,-44.1266815441086,-13.7463884001831,789.376403808594,-0.409999996423721,0.930000007152557,2.05999994277954,3.40000009536743,4.98000001907349
BEAM0110,19640616000161272,-44.126364912334,-13.7459748146628,788.931518554688,-0.28999999165535,0.930000007152557,2.01999998092651,3.28999996185303,4.82999992370606
BEAM0110,19640616200161273,-44.1260483947111,-13.7455614078669,789.670349121094,-0.409999996423721,0.860000014305115,1.9099999666214,3.22000002861023,4.75
BEAM0110,19640616400161274,-44.1257318217467,-13.7451478277167,789.455200195313,-0.259999990463257,1.00999999046326,2.13000011444092,3.63000011444092,5.84000015258789
BEAM0110,19640616600161275,-44.1254153098493,-13.744734322974,789.782470703125,-0.409999996423721,0.889999985694885,1.94000005722046,3.22000002861023,4.8600001335144
BEAM0110,19640616800161276,-44.1250987471735,-13.744320662943,789.252136230469,-0.180000007152557,1.1599999666214,2.3199999332428,3.8199999332428,5.76000022888184
BEAM0110,19640617000161277,-44.1247822986367,-13.7439071968346,789.955261230469,1.61000001430511,4.55999994277954,6.76999998092651,8.76000022888184,10.3299999237061
BEAM0110,19640617200161278,-44.1244658334772,-13.7434936549935,790.261413574219,0.180000007152557,1.83000004291534,4.11999988555908,7.78999996185303,9.88000011444092
BEAM0110,19640617400161279,-44.1241493843905,-13.7430801099339,790.599304199219,0.0700000002980232,1.61000001430511,3.14000010490418,5.15999984741211,7.21999979019165
BEAM0110,19640617600161280,-44.1238329351401,-13.7426665315082,790.7763671875,0.409999996423721,2.34999990463257,4.44999980926514,6.48000001907349,8.15999984741211
BEAM0110,19640617800161281,-44.1235165531194,-13.7422530646733,791.656188964844,0.370000004768372,2.4300000667572,4.40999984741211,6.69999980926514,8.64999961853027
BEAM0110,19640618000161282,-44.1232002611987,-13.7418397619131,793.550476074219,-0.709999978542328,1.30999994277954,2.95000004768372,4.8600001335144,6.73999977111816
BEAM0110,19640618200161283,-44.1228837720814,-13.7414260245076,792.837280273438,0.109999999403954,2.20000004768372,4.07999992370605,6.76999998092651,9.13000011444092
BEAM0110,19640618400161284,-44.1225673398106,-13.7410123889735,792.741882324219,0.0299999993294477,1.94000005722046,3.8199999332428,6.59000015258789,8.94999980926514
BEAM0110,19640618600161285,-44.1222509534829,-13.7405988364503,793.142211914063,0.0299999993294477,1.94000005722046,3.63000011444092,5.69000005722046,7.55999994277954
BEAM0110,19640618800161286,-44.1219344274318,-13.7401850427012,792.682189941406,0.0700000002980232,1.9099999666214,3.9300000667572,6.1399998664856,7.90000009536743
BEAM0110,19640619000161287,-44.1216179683794,-13.7397713838725,793.011352539063,-0.109999999403954,1.75999999046326,3.63000011444092,6.44000005722046,8.72000026702881
BEAM0110,19640619200161288,-44.1213012947881,-13.7393572741085,790.592163085938,0.259999990463257,1.9099999666214,4.90000009536743,8.76000022888184,10.710000038147
BEAM0110,19640619400161289,-44.120984912002,-13.7389437763001,791.817260742188,0.670000016689301,3.02999997138977,5.05000019073486,7,8.72000026702881
BEAM0110,19640619600161290,-44.1206684710314,-13.7385301636006,792.304748535156,0.740000009536743,3.28999996185303,5.34999990463257,7.36999988555908,9.10000038146973
BEAM0110,19640619800161291,-44.1203518126758,-13.7381161058406,790.051574707031,0.180000007152557,1.75999999046326,3.84999990463257,6.65999984741211,9.13000011444092
BEAM0110,19640620000161292,-44.1200354479517,-13.7377026780242,791.526245117188,0.889999985694885,3.36999988555908,5.5,7.51999998092651,9.21000003814697
BEAM0110,19640620200161293,-44.119719114691,-13.7372893347516,793.432983398438,-0.439999997615814,1.9099999666214,3.74000000953674,5.90999984741211,7.71000003814697
BEAM0110,19640620400161294,-44.1194025357071,-13.7368754987402,792.287902832031,0.330000013113022,2.53999996185303,4.34000015258789,6.28999996185303,8.01000022888184
BEAM0110,19640620600161295,-44.1190859239839,-13.7364616155101,790.7763671875,1.67999994754791,4.03999996185303,5.80000019073486,7.6399998664856,9.35999965667725
BEAM0110,19640620800161296,-44.1187697201608,-13.7360486052518,794.456176757813,-1.26999998092651,1.03999996185303,2.61999988555908,4.23000001907349,5.73000001907349
BEAM0110,19640621000161297,-44.1184529584931,-13.7356344391116,791.108154296875,-0.479999989271164,1.03999996185303,2.27999997138977,3.67000007629395,5.13000011444092
BEAM0110,19640621200161298,-44.1181363624398,-13.7352206305109,789.869506835938,-0.560000002384186,0.970000028610229,2.17000007629395,3.58999991416931,5.01000022888184
BEAM0110,19640621400161299,-44.1178196077134,-13.7348064952288,786.623352050781,-0.259999990463257,1.08000004291534,2.20000004768372,3.58999991416931,5.09000015258789
BEAM0110,19640621600161300,-44.117502856698,-13.734392370307,783.415344238281,-0.180000007152557,1.3400000333786,2.65000009536743,4.15000009536743,5.65000009536743
BEAM0110,19640621800161301,-44.1171860887611,-13.7339782079461,779.962463378906,-0.0299999993294477,1.78999996185303,3.28999996185303,4.8600001335144,6.3600001335144
BEAM0110,19640622000161302,-44.1168698035276,-13.7335650527065,782.578857421875,-0.970000028610229,0.629999995231628,1.78999996185303,3.02999997138977,4.30000019073486
BEAM0110,19640622200161303,-44.1165535950077,-13.7331520489626,786.114074707031,-0.519999980926514,0.970000028610229,2.13000011444092,3.44000005722046,4.82999992370606
BEAM0110,19640622400161304,-44.1162373471691,-13.7327389496982,789.090576171875,-0.740000009536743,0.740000009536743,1.87000000476837,3.14000010490418,4.40999984741211
BEAM0110,19640622600161305,-44.1159208285119,-13.7323252659805,788.575988769531,0.0299999993294477,1.61000001430511,2.92000007629395,4.44999980926514,5.94999980926514
BEAM0110,19640622800161306,-44.1156044822226,-13.7319119230226,790.155639648438,-0.409999996423721,1.12000000476837,2.39000010490418,4.03999996185303,5.65000009536743
BEAM0110,19640623000161307,-44.1152881206091,-13.7314985234523,791.445617675781,-0.740000009536743,0.779999971389771,1.94000005722046,3.22000002861023,4.48999977111816
BEAM0110,19640623200161308,-44.114971608905,-13.7310847803909,790.724060058594,-0.560000002384186,0.889999985694885,2.01999998092651,3.25,4.53000020980835
BEAM0110,19640623400161309,-44.1146551553372,-13.7306711274269,790.62255859375,-0.560000002384186,0.860000014305115,1.98000001907349,3.22000002861023,4.53000020980835
BEAM0110,19640623600161310,-44.1143386834262,-13.7302573999175,790.156188964844,-0.519999980926514,0.970000028610229,2.13000011444092,3.36999988555908,4.67999982833862
BEAM0110,19640623800161311,-44.1140222326507,-13.7298436767527,789.811157226563,-0.370000004768372,0.970000028610229,2.05999994277954,3.28999996185303,4.53000020980835
BEAM0110,19640624000161312,-44.1137057982185,-13.7294299438909,789.511840820313,-0.409999996423721,0.860000014305115,1.9099999666214,3.02999997138977,4.23000001907349
BEAM0110,19640600000161313,-44.1133895064201,-13.7290164495809,790.637634277344,-0.740000009536743,0.740000009536743,1.87000000476837,3.14000010490418,4.44999980926514
BEAM0110,19640600200161314,-44.1130731189973,-13.7286026560328,789.616760253906,-0.28999999165535,1.1599999666214,2.3199999332428,3.58999991416931,4.8600001335144
BEAM0110,19640600400161315,-44.112756803616,-13.728188958396,789.314392089844,-0.479999989271164,0.970000028610229,2.08999991416931,3.36999988555908,4.67999982833862
BEAM0110,19640600600161316,-44.1124404628565,-13.7277751487607,788.490661621094,-0.330000013113022,0.930000007152557,1.94000005722046,3.14000010490418,4.44999980926514
BEAM0110,19640600800161317,-44.1121241884464,-13.7273614149573,788.282287597656,-0.330000013113022,1.00999999046326,2.13000011444092,3.40000009536743,4.71000003814697
BEAM0110,19640601000161318,-44.1118079206093,-13.7269476286126,787.931823730469,-0.370000004768372,0.930000007152557,2.01999998092651,3.22000002861023,4.48999977111816
BEAM0110,19640601200161319,-44.1114916689679,-13.7265338102691,787.564758300781,-0.28999999165535,1.00999999046326,2.08999991416931,3.36999988555908,4.6399998664856
BEAM0110,19640601400161320,-44.111175491018,-13.7261200855802,787.922546386719,-0.519999980926514,0.860000014305115,1.98000001907349,3.22000002861023,4.59999990463257
BEAM0110,19640601600161321,-44.1108593037806,-13.7257062866852,787.9892578125,-0.479999989271164,0.970000028610229,2.13000011444092,3.40000009536743,4.6399998664856
BEAM0110,19640601800161322,-44.1105430629144,-13.7252923262788,787.227294921875,-0.28999999165535,1.08000004291534,2.20000004768372,3.48000001907349,4.82999992370606
BEAM0110,19640602000161323,-44.1102268951529,-13.7248784760643,787.266296386719,-0.370000004768372,1.03999996185303,2.17000007629395,3.36999988555908,4.59999990463257
BEAM1000,19640800000109606,-44.1219775832237,-13.7499569769203,795.550415039063,0,2.01999998092651,3.8199999332428,5.73000001907349,7.36999988555908
BEAM1000,19640800200109607,-44.1216612818369,-13.7495434153458,796.122436523438,-0.109999999403954,1.94000005722046,3.9300000667572,6.05999994277954,8.01000022888184
BEAM1000,19640800400109608,-44.1213447987614,-13.749129450315,793.281921386719,1.52999997138977,3.9300000667572,5.84000015258789,7.78999996185303,9.69999980926514
BEAM1000,19640800600109609,-44.1210285933316,-13.7487159811588,795.087463378906,0.109999999403954,2.08999991416931,4.34000015258789,7.36999988555908,9.72999954223633
BEAM1000,19640800800109610,-44.120712282886,-13.7483022537097,794.813537597656,0.219999998807907,2.08999991416931,3.97000002861023,5.90999984741211,7.67000007629395
BEAM1000,19640801000109611,-44.1203960176823,-13.7478885602132,795.083679199219,0.0700000002980232,1.94000005722046,3.74000000953674,6.17999982833862,8.56999969482422
BEAM1000,19640801200109612,-44.120079759763,-13.7474748266184,795.236999511719,0.28999999165535,2.4300000667572,4.53000020980835,6.96000003814697,8.94999980926514
BEAM1000,19640801400109613,-44.1197634926617,-13.7470610255129,795.021850585938,0.28999999165535,2.08999991416931,3.8199999332428,5.84000015258789,7.78999996185303
BEAM1000,19640801600109614,-44.119447254985,-13.7466472368901,795.135559082031,-0.0700000002980232,1.61000001430511,3.36999988555908,5.73000001907349,8.01000022888184
BEAM1000,19640801800109615,-44.1191310132558,-13.7462333999535,795.022155761719,0.180000007152557,2.01999998092651,3.84999990463257,6.44000005722046,8.46000003814697
BEAM1000,19640802000109616,-44.1188147972406,-13.745819577529,795.226745605469,-0.0299999993294477,1.49000000953674,3.02999997138977,5.13000011444092,7.40999984741211
BEAM1000,19640802200109617,-44.1184985686062,-13.7454056991761,795.110778808594,0.140000000596046,2.05999994277954,4,6.25,8.35000038146973
BEAM1000,19640802400109618,-44.1181823765201,-13.7449918662083,795.564453125,0.589999973773956,3.02999997138977,5.13000011444092,7.15000009536743,8.84000015258789
BEAM1000,19640802600109619,-44.1178661052885,-13.7445778556837,794.578186035156,0.629999995231628,2.95000004768372,5.80000019073486,8.3100004196167,9.96000003814697
BEAM1000,19640802800109620,-44.1175499166098,-13.7441639902968,795.029663085938,0.180000007152557,2.08999991416931,3.8199999332428,5.80000019073486,7.90000009536743
BEAM1000,19640803000109621,-44.1172336910079,-13.7437500396299,794.838439941406,0.259999990463257,2.24000000953674,4.53000020980835,7.26000022888184,9.28999996185303
BEAM1000,19640803200109622,-44.1169174437083,-13.7433360384968,794.306457519531,0.439999997615814,2.39000010490418,4.67999982833862,7.1100001335144,9.10000038146973
BEAM1000,19640803400109623,-44.1166012205153,-13.7429220813625,794.263793945313,0.479999989271164,2.47000002861023,4.44999980926514,6.73999977111816,8.60999965667725
BEAM1000,19640803600109624,-44.1162849598425,-13.7425080521521,793.659912109375,0.589999973773956,2.61999988555908,5.09000015258789,8.35000038146973,10.3299999237061
BEAM1000,19640803800109625,-44.1159687357095,-13.7420941003852,793.812866210938,0.779999971389771,3.1800000667572,5.15999984741211,7.15000009536743,9.10000038146973
BEAM1000,19640804000109626,-44.1156524927503,-13.7416801225513,793.79052734375,0.140000000596046,1.94000005722046,4.03999996185303,7.51999998092651,10.1800003051758
BEAM1000,19640804200109627,-44.1153361894433,-13.7412660416497,792.891479492188,0.109999999403954,1.72000002861023,3.54999995231628,6.1399998664856,8.46000003814697
BEAM1000,19640804400109628,-44.115019904576,-13.7408520167158,792.5166015625,0.330000013113022,2.27999997138977,4.44999980926514,6.55000019073486,8.46000003814697
BEAM1000,19640804600109629,-44.1147036171443,-13.7404380113869,792.331481933594,0.409999996423721,2.53999996185303,4.53000020980835,6.55000019073486,8.35000038146973
BEAM1000,19640804800109630,-44.1143872649479,-13.7400239082844,791.276428222656,0.479999989271164,2.53999996185303,4.42000007629395,6.40000009536743,8.72000026702881
BEAM1000,19640805000109631,-44.1140709201568,-13.7396098533753,790.634765625,0.409999996423721,2.5,4.38000011444092,6.78000020980835,8.86999988555908
BEAM1000,19640805200109632,-44.1137545424346,-13.7391957726032,789.738342285156,0.670000016689301,2.79999995231628,4.82999992370606,6.92999982833862,8.60999965667725
BEAM1000,19640805400109633,-44.1134381934491,-13.738781791556,789.695495605469,-0.28999999165535,1.72000002861023,3.48000001907349,5.5,7.34000015258789
BEAM1000,19640805600109634,-44.1131217740491,-13.7383677198115,788.783874511719,-0.28999999165535,1.61000001430511,3.09999990463257,4.82999992370606,6.51000022888184
BEAM1000,19640805800109635,-44.1128053471508,-13.7379536858904,788.143737792969,-0.709999978542328,0.819999992847443,2.05999994277954,3.44000005722046,4.90000009536743
BEAM1000,19640806000109636,-44.1124888659208,-13.7375395997009,786.962036132813,-0.930000007152557,0.740000009536743,1.94000005722046,3.32999992370605,4.82999992370606
BEAM1000,19640806200109637,-44.1121724261572,-13.7371256456475,786.88720703125,-0.930000007152557,0.589999973773956,1.75999999046326,3.02999997138977,4.38000011444092
BEAM1000,19640806400109638,-44.1118559081884,-13.7367115840183,785.774230957031,-0.670000016689301,0.629999995231628,1.67999994754791,2.88000011444092,4.19000005722046
BEAM1000,19640806600109639,-44.1115393925846,-13.7362975686742,784.999389648438,-0.560000002384186,0.819999992847443,1.9099999666214,3.14000010490418,4.42000007629395
BEAM1000,19640806800109640,-44.1112228867228,-13.7358836101301,784.664184570313,-0.889999985694885,0.589999973773956,1.72000002861023,2.95000004768372,4.30000019073486
BEAM1000,19640807000109641,-44.1109062044617,-13.7354693376222,781.447326660156,0.709999978542328,2.5,3.8199999332428,5.30999994277954,6.96000003814697
BEAM1000,19640807200109642,-44.1105897484741,-13.7350555384147,782.39208984375,-0.670000016689301,0.709999978542328,1.78999996185303,3.02999997138977,4.38000011444092
BEAM1000,19640807400109643,-44.1102730916937,-13.7346413686298,779.955078125,-0.629999995231628,0.889999985694885,2.13000011444092,3.48000001907349,4.94000005722046
BEAM1011,19641100500108373,-44.1148286057038,-13.7498912209507,795.365112304688,0.259999990463257,2.24000000953674,4.53000020980835,7.03999996185303,9.02000045776367
BEAM1011,19641100700108374,-44.1145123039359,-13.7494775138174,795.19873046875,0.629999995231628,2.76999998092651,4.98000001907349,7.40999984741211,9.4399995803833
BEAM1011,19641100900108375,-44.1141959941058,-13.7490637468879,794.736511230469,1.03999996185303,3.84999990463257,6.21000003814697,8.46000003814697,10.4499998092651
BEAM1011,19641101100108376,-44.113879745203,-13.7486500212332,794.915344238281,0.0299999993294477,1.57000005245209,3.1800000667572,5.73000001907349,9.25
BEAM1011,19641101300108377,-44.1135634470599,-13.748236175307,794.245178222656,0.330000013113022,2.08999991416931,4.03999996185303,7,9.4399995803833
BEAM1011,19641101500108378,-44.113247236484,-13.7478224171542,794.619201660156,0,1.83000004291534,3.58999991416931,5.80000019073486,7.90000009536743
BEAM1011,19641101700108379,-44.1129310114293,-13.7474085984826,794.663208007813,-0.0700000002980232,1.78999996185303,3.8199999332428,7.59999990463257,10.1800003051758
BEAM1011,19641101900108380,-44.112614804876,-13.7469947724347,794.849182128906,-0.180000007152557,1.83000004291534,3.54999995231628,5.84000015258789,8.05000019073486
BEAM1011,19641102100108381,-44.1122984311467,-13.7465806663091,792.668395996094,0.560000002384186,2.61999988555908,4.90000009536743,7.75,10.0299997329712
BEAM1011,19641102300108382,-44.1119821911525,-13.7461667325986,792.244567871094,0.409999996423721,2.47000002861023,4.59999990463257,6.73999977111816,8.60999965667725
BEAM1011,19641102500108383,-44.1116659108517,-13.7457527158911,791.230895996094,1.08000004291534,3.22000002861023,4.82999992370606,6.69999980926514,8.60999965667725
BEAM1011,19641102700108384,-44.1113497147663,-13.7453388055542,791.333129882813,0,1.83000004291534,3.36999988555908,5.13000011444092,7.07999992370606
BEAM1011,19641102900108385,-44.1110335195678,-13.744924881521,791.445556640625,-0.439999997615814,1.41999995708466,2.92000007629395,4.53000020980835,6.25
BEAM1011,19641103100108386,-44.1107170215218,-13.7445104950681,787.456481933594,1.00999999046326,3.1800000667572,4.94000005722046,6.80999994277954,8.53999996185303
BEAM1011,19641103300108387,-44.1104010102017,-13.7440968270612,790.137084960938,-0.970000028610229,0.740000009536743,2.05999994277954,3.63000011444092,5.42999982833862
BEAM1011,19641103500108388,-44.1100846710519,-13.7436826672461,788.412353515625,-0.819999992847443,0.670000016689301,1.83000004291534,3.22000002861023,4.78999996185303
